condition,genome,shortCond
Puro-4dpi_rep1,GRCm39,Ctrl-puro
Puro-4dpi_rep2,GRCm39,Ctrl-puro
Puro-4dpi_rep3,GRCm39,Ctrl-puro
NIL-SDDIR-4dpi_rep1,GRCm39,Early-4dpi
NIL-SDDIR-4dpi_rep2,GRCm39,Early-4dpi
NIL-SDDIR-4dpi_rep3,GRCm39,Early-4dpi
LNI-SDDIR-FACS-14dpi_rep1,GRCm39,FACS
LNI-SDDIR-FACS-14dpi_rep2,GRCm39,FACS
LNI-SDDIR-FACS-14dpi_rep3,GRCm39,FACS
LNI-SDDIR-DASIT50-14dpi_rep1,GRCm39,DASIT
LNI-SDDIR-DASIT50-14dpi_rep2,GRCm39,DASIT
LNI-SDDIR-DASIT50-14dpi_rep3,GRCm39,DASIT
LNI-SDDIR-FACS-21dpi_rep1,GRCm39,FACS
LNI-SDDIR-FACS-21dpi_rep2,GRCm39,FACS
LNI-SDDIR-FACS-21dpi_rep3,GRCm39,FACS
LNI-SDDIR-DASIT50-21dpi_rep1,GRCm39,DASIT
LNI-SDDIR-DASIT50-21dpi_rep2,GRCm39,DASIT
LNI-SDDIR-DASIT50-21dpi_rep3,GRCm39,DASIT
